avg_chuvas_1,avg_chuvas_2,avg_chuvas_3
255.22727481640595,378.99545912605345,341.96445889570566